Query,Sample Answer,Predicted Answer,Completeness Score,Accuracy Score,rewritten_query,cosine_similarity
What is the breakthrough in quantum computing achieved by IBM in 2024?,"IBM introduced the Quantum Heron processor, capable of executing quantum circuits with up to 5,000 two-qubit gate operations.","IBM unveiled a 1,000-qubit processor, achieving significant improvements in error correction and computation speed.",2.0,4.0,What embody the breakthrough in quantum cypher achieved by IBM in 2024 ?,0.8905922
How does the recent CRISPR-CasΦ system differ from traditional CRISPR systems in genetic editing?,"CRISPR-CasΦ is smaller, enabling easier delivery into cells and offering distinct target site recognition, expanding editable genomic sequences.","CRISPR-CasΦ is smaller and can target broader genome areas, allowing easier delivery into cells.",4.0,4.0,How come the recent CRISPR-CasΦ scheme differ from traditional CRISPR organisation in genetic redaction ?,0.84499717
What is the functionality of the 2024 solid-state sodium-ion battery developed for electric vehicles?,"Solid-state sodium-ion batteries enhance safety and cost-effectiveness, with improved energy density and stability for EVs.",Solid-state sodium-ion batteries provide safer energy storage but are limited to small-scale EVs for now.,3.0,3.0,What embody the functionality of the 2024 solid-state sodium-ion battery grow for electrical vehicles ?,0.9421914
What innovation did researchers introduce in bioengineered neural interfaces for treating paralysis in 2024?,A minimally invasive neural interface that accesses the brain without a skull opening for stimulation and recording to aid paralysis treatment.,Researchers developed a wireless neural interface capable of recording signals from multiple brain regions.,2.0,3.0,What conception answer researcher enclose in bioengineered neuronal interface for handle paralysis in 2024 ?,0.8286984
What are the efficiency and scalability improvements of the 2024 perovskite-silicon tandem solar cells?,"Achieved 25.7% efficiency by combining wide-bandgap perovskite and narrow-bandgap organic cells, improving scalability and performance.","Achieved a record efficiency of 26.5%, but scalability issues remain due to instability in production processes.",3.0,4.0,What personify the efficiency and scalability improvement of the 2024 perovskite-silicon bicycle-built-for-two solar cadre ?,0.78217137
What new material developed in 2024 enables ultra-fast superconducting properties at room temperature?,Lutetium hydride compound shows superconductivity at room temperature under high pressure.,Lutetium hydride at moderate pressures exhibited superconductivity at temperatures above 300K.,5.0,4.0,What new fabric acquire in 2024 enables ultra-fast superconducting belongings at way temperature ?,0.84906685
What are the applications of the AI-powered drug discovery platform launched by a pharmaceutical company in 2024?,"AI platforms expedite drug discovery by predicting molecular interactions and identifying therapeutic compounds, reducing development time.",The platform accelerated drug candidate identification for cancer and rare genetic disorders.,2.0,3.0,What exist the applications of the AI-powered drug uncovering platform launched by a pharmaceutical companionship in 2024 ?,0.92121667
How does the newly developed carbon capture technology by researchers in 2024 enhance environmental sustainability?,"Advanced technologies capture CO₂ from the atmosphere, converting emissions into valuable resources, aiding climate change mitigation.",It reduces CO₂ levels by converting emissions into usable industrial chemicals.,4.0,3.0,How behave the fresh recrudesce carbon capture technology by investigator in 2024 enhance environmental sustainability ?,0.9012428
What is the role of the 2024 nano-scale quantum dot displays in improving screen resolution?,"Nano-scale quantum dot displays improve color accuracy, brightness, and achieve ultra-high resolution for TVs and smartphones.",Quantum dot displays provide ultra-high brightness and resolution but are costly to manufacture at scale.,4.0,3.0,What equal the function of the 2024 nano-scale quantum pane presentation in better screen resolution ?,0.7690671
What advancements did the Large Hadron Collider make in 2024 towards understanding dark matter?,"LHC collected a record volume of data at 13.6 TeV, aiding the search for dark matter and new physics phenomena.","New experiments narrowed down dark matter candidate particles, but conclusive evidence is still lacking.",2.0,3.0,What advancements cause the Large Hadron Collider shuffling in 2024 towards sympathize dark thing ?,0.79265904
What is the 2024 breakthrough in mRNA vaccine technology for cancer treatment?,The 2024 mRNA vaccines demonstrated effectiveness in personalized cancer immunotherapy by targeting specific tumor antigens.,"In 2024, researchers developed personalized mRNA vaccines targeting neoantigens specific to individual tumors, enhancing the immune system's ability to recognize and attack cancer cells.",5.0,5.0,What live the 2024 breakthrough in mRNA vaccinum engineering for Crab handling ?,0.7424845
How does the 2024 AI-powered climate modeling system improve weather prediction accuracy?,"The system uses advanced neural networks to model atmospheric data in real-time, improving prediction accuracy by 20%.","The AI model, trained on extensive historical data, provides more accurate forecasts, especially for extreme weather events, by simulating multiple scenarios and delivering predictions in minutes.",4.0,4.0,How does the 2024 AI-powered clime mold organization ameliorate conditions prevision truth ?,0.51551986
What advancement did NASA’s 2024 space telescope achieve in exoplanet imaging?,"The telescope captured detailed spectral data of Earth-like exoplanets, identifying atmospheric conditions conducive to life.","NASA's Roman Space Telescope, equipped with a cutting-edge coronagraph, passed key tests, enabling direct imaging of exoplanets by blocking starlight and allowing observation of faint planetary light.",5.0,4.0,What advance coiffe NASA ’ S 2024 quad scope attain in exoplanet imagery ?,0.7122574
What are the capabilities of the 2024 quantum internet demonstrated by Chinese scientists?,"The system enables secure quantum communication over 1,000 kilometers without relying on quantum repeaters.","Chinese scientists showcased a quantum communication network capable of transmitting secure information over 1,000 kilometers without relying on quantum repeaters, marking a significant advancement in long-distance quantum communication.",5.0,5.0,What follow the potentiality of the 2024 quantum cyberspace show by Chinese scientist ?,0.83118844
What innovation in gene therapy was achieved with the use of adenine base editors in 2024?,"Adenine base editors corrected genetic mutations linked to sickle cell anemia, showing promising clinical trial results.","Adenine base editors were utilized to correct point mutations in genetic disorders, offering a more precise and less disruptive alternative to traditional CRISPR-Cas9 methods.",5.0,4.0,What institution in cistron therapy comprise attain with the utilization of adenine pedestal editor in 2024 ?,0.64834225
What is the role of the 2024 self-healing concrete in sustainable infrastructure?,"Self-healing concrete uses embedded bacteria to seal cracks automatically, reducing maintenance costs and enhancing durability.","Self-healing concrete incorporates microcapsules containing healing agents that, upon cracking, release substances to repair the damage, enhancing durability and reducing maintenance costs.",5.0,4.0,What cost the function of the 2024 self-healing concrete in sustainable base ?,0.8491986
How does the 2024 development in synthetic biology contribute to sustainable biofuels?,Engineered microbes convert agricultural waste into bioethanol with a 30% higher efficiency than previous methods.,"Advancements in synthetic biology have enabled the engineering of microorganisms to efficiently convert biomass into biofuels, increasing yield and reducing production costs.",5.0,3.0,How perform the 2024 evolution in synthetic biota contribute to sustainable biofuels ?,0.87236273
What is the advancement in wearable health devices introduced in 2024 for cardiac monitoring?,"Wearable devices now use graphene sensors for continuous, real-time ECG monitoring with unprecedented accuracy.","Wearable devices now feature continuous ECG monitoring with real-time data analysis, allowing for early detection of cardiac anomalies and improved patient outcomes.",4.0,3.0,What exist the advancement in wearable wellness twist precede in 2024 for cardiac monitoring ?,0.8475827
How does the 2024 robotic surgical system improve precision in minimally invasive procedures?,The system employs AI-driven motion scaling to enhance surgical precision and reduce recovery time for patients.,The latest robotic surgical systems incorporate augmented reality to enhance precision in minimally invasive procedures.,4.0,2.0,How exercise the 2024 robotic operative scheme meliorate precision in minimally invasive procedures ?,0.8829622
What is the significance of the 2024 discovery of room-temperature thermoelectric materials?,"These materials efficiently convert heat into electricity at room temperature, paving the way for energy-efficient devices.","The discovery of room-temperature thermoelectric materials in 2024 enables efficient conversion of waste heat into electricity at ambient conditions, potentially enhancing energy efficiency in various applications. ",5.0,4.0,What embody the implication of the 2024 find of room-temperature thermoelectrical cloth ?,0.8452729
What is the breakthrough in 2024 for nuclear fusion energy production?,"Scientists achieved a sustained plasma state for 30 seconds at temperatures exceeding 100 million degrees Celsius, a key step toward practical fusion energy.","In 2024, significant advancements were made in materials for fusion reactors, improving their durability and performance, which are crucial steps toward achieving practical nuclear fusion energy production. ",5.0,3.0,What embody the find in 2024 for atomic merger Energy product ?,0.7257856
How does the 2024 bio-inspired robotics improve underwater exploration?,"Robots mimicking fish locomotion increased maneuverability and energy efficiency, enhancing underwater mapping and ecological studies.","Bio-inspired robotic systems developed in 2024 mimic the efficient swimming mechanisms of marine animals, enhancing maneuverability and energy efficiency in underwater exploration tasks.",5.0,4.0,How fare the 2024 bio-inspired robotics improve underwater exploration ?,0.9882288
What is the significance of the 2024 discovery of a universal flu vaccine?,"A universal flu vaccine targeting conserved viral regions showed 90% efficacy in clinical trials, potentially eliminating the need for annual shots.","The development of a universal flu vaccine in 2024 aims to provide broad protection against multiple influenza strains, potentially reducing the need for annual vaccinations and improving global health outcomes.",4.0,4.0,What cost the significance of the 2024 breakthrough of a universal influenza vaccine ?,0.81433916
How has the 2024 graphene-based desalination membrane improved water purification?,"Graphene membranes filtered salts and impurities with 98% efficiency, making water desalination faster and more energy-efficient.","Graphene-based desalination membranes introduced in 2024 offer enhanced filtration efficiency and durability, leading to more effective and sustainable water purification processes. ",4.0,4.0,How has the 2024 graphene-based desalinisation membrane improve piss refinement ?,0.8477375
What advancement was made in 2024 for biodegradable electronics?,"New biodegradable polymers enable electronic components to decompose harmlessly after use, reducing electronic waste.","In 2024, researchers developed biodegradable electronic components using sustainable materials, reducing electronic waste and environmental impact.",4.0,3.0,What advancement live crap in 2024 for biodegradable electronics ?,0.9188483
What are the key features of the 2024 AI-powered personalized education platform?,"The platform uses adaptive learning algorithms to tailor content to individual students, improving engagement and retention rates.","The AI-powered personalized education platforms of 2024 utilize advanced algorithms to tailor learning experiences to individual student needs, enhancing engagement and educational outcomes.",4.0,4.0,What be the key characteristic of the 2024 AI-powered personalized training chopine ?,0.65825224
What breakthrough in 2024 has been achieved in space-based solar power systems?,"A satellite prototype successfully transmitted solar power wirelessly to Earth, demonstrating feasibility for future space-based energy solutions.","In 2024, space-based solar power systems demonstrated improved energy transmission efficiency, bringing the concept closer to practical implementation for global energy needs.",3.0,3.0,What discovery in 2024 consume comprise reach in space-based solar powerfulness systems ?,0.7440072
How does the 2024 protein structure prediction AI enhance drug discovery?,"AI models predicted protein folding structures with 95% accuracy, expediting the development of targeted therapies.","Advancements in AI for protein structure prediction in 2024 have accelerated drug discovery processes by providing accurate models for target proteins, facilitating the development of new therapeutics. ",4.0,4.0,How act the 2024 protein structure prognostication AI enhance drug breakthrough ?,0.8577363
What is the role of 2024 advancements in CRISPR tools for tackling rare diseases?,"Enhanced CRISPR tools allowed precise edits to single nucleotides, offering cures for conditions like progeria and other genetic disorders.","Enhanced CRISPR tools in 2024 have enabled more precise gene editing, offering potential cures for certain rare genetic disorders by directly correcting disease-causing mutations. ",4.0,5.0,What represent the character of 2024 progress in CRISPR prick for harness rare diseases ?,0.8135512
What innovation in 2024 enables ultra-fast charging of electric vehicles?,New solid-state batteries with advanced electrolyte materials achieved a full charge in under 10 minutes without compromising longevity.,"In 2024, XPENG introduced the Kunpeng Super Electric System, built on an 800V high-voltage silicon carbide platform, incorporating a 5C ultra-charging AI battery and a hybrid silicon carbide coaxial electric drive, offering industry-leading efficiency and reliability. ",4.0,2.0,What introduction in 2024 enables ultra-fast charging of electrical vehicle ?,0.93987334
What is the 2024 breakthrough in AI-powered autonomous vehicles?,"AI-powered systems enabled Level 5 autonomy, allowing vehicles to navigate complex environments without human intervention.","XPENG Motors showcased their latest AI-powered innovations, including the XOS 5.1.0, or Tianji OS, the industry's first operating system to comprehensively integrate AI technology into smart cockpit and smart driving, enhancing the autonomous capabilities of their vehicles. ",4.0,2.0,What equal the 2024 find in AI-powered autonomous vehicles ?,0.88513285
How does the 2024 development of high-speed 6G technology enhance communication networks?,"6G technology achieved data transfer rates 100x faster than 5G, enabling real-time holographic communication and advanced IoT connectivity.","The development of high-speed 6G technology in 2024 is expected to revolutionize communication networks by providing faster data transfer rates, lower latency, and improved connectivity, enabling advancements in various sectors such as autonomous driving, smart cities, and the Internet of Things (IoT). ",5.0,5.0,How arrange the 2024 growing of high-speed 6G technology enhance communication network ?,0.95220923
What is the impact of the 2024 discovery of a new photosynthesis-inspired energy conversion process?,"The process mimics photosynthesis to produce hydrogen fuel directly from sunlight and water with high efficiency, advancing renewable energy sources.","The 2024 discovery of a new photosynthesis-inspired energy conversion process has the potential to significantly enhance the efficiency of solar energy harvesting, leading to more sustainable and renewable energy solutions. ",5.0,4.0,What constitute the wallop of the 2024 discovery of a new photosynthesis-inspired get-up-and-go transition process ?,0.80246496
How has the 2024 innovation in quantum sensors improved gravitational wave detection?,"Quantum sensors enhanced sensitivity, enabling the detection of lower-frequency gravitational waves previously undetectable.","Innovations in quantum sensors in 2024 have improved the sensitivity and precision of gravitational wave detectors, allowing for the observation of previously undetectable cosmic events and enhancing our understanding of the universe. ",5.0,4.0,How get the 2024 origination in quantum detector meliorate gravitative waving detecting ?,0.6196642
What is the significance of the 2024 genetically engineered crops for climate resilience?,"Crops were engineered to tolerate extreme temperatures and droughts, ensuring stable yields under climate change conditions.","The development of genetically engineered crops in 2024 has enhanced climate resilience by improving tolerance to extreme weather conditions, pests, and diseases, thereby ensuring food security in the face of climate change. ",5.0,4.0,What embody the import of the 2024 genetically direct crop for clime resilience ?,0.80236423
What advancements in 2024 have improved cybersecurity against quantum computing threats?,Quantum-resistant cryptographic algorithms were implemented to secure data against potential breaches by quantum computers.,"Advancements in quantum-resistant cryptographic algorithms in 2024 have strengthened cybersecurity measures, protecting sensitive data from potential threats posed by quantum computing capabilities. ",4.0,5.0,What advancements in 2024 ingest meliorate cybersecurity against quantum compute threats ?,0.928332
What role does the 2024 breakthrough in microbiome research play in personalized medicine?,"Microbiome profiling enabled tailored treatments for gastrointestinal diseases, improving patient outcomes.","The 2024 breakthrough in microbiome research has enabled the development of personalized medical treatments by understanding individual microbiome compositions, leading to more effective therapies and improved patient outcomes. ",3.0,4.0,What character act the 2024 discovery in microbiome inquiry caper in personalized medication ?,0.85878515
How does the 2024 development of bioengineered artificial skin improve burn treatment?,Bioengineered skin with integrated sensors and vascularization accelerated healing and provided real-time monitoring for burn patients.,"The development of bioengineered artificial skin in 2024 has improved burn treatment by providing more effective wound healing solutions, reducing scarring, and enhancing the quality of life for burn patients. ",4.0,5.0,How answer the 2024 developing of bioengineered unreal pelt meliorate suntan treatment ?,0.57339215
What innovation in 2024 enhances energy storage for large-scale renewable power grids?,Advanced flow batteries using organic electrolytes improved energy density and scalability for grid-scale storage.,"The 2024 innovation in energy storage technologies, such as advanced battery systems, has enhanced the capacity and efficiency of large-scale renewable power grids, facilitating the integration of renewable energy sources and improving grid stability. ",4.0,4.0,What creation in 2024 enhances energy store for large-scale renewable king grid ?,0.8438702
What is the impact of 2024 advancements in AI-driven scientific discovery automation?,"AI systems autonomously formulated hypotheses and designed experiments, accelerating research in materials science and drug development.","Advancements in AI-driven scientific discovery automation in 2024 have accelerated research processes, enabling faster data analysis, hypothesis generation, and experimental design, thereby expediting scientific breakthroughs across various fields. ",5.0,4.0,What constitute the impact of 2024 furtherance in AI-driven scientific find mechanisation ?,0.8081107
"What is ""Tornado Brain"" as identified in 2024?","""Tornado Brain"" refers to a form of PTSD observed in survivors of the 2011 Joplin tornado, characterized by cognitive impairments and emotional distress.","""Tornado Brain"" refers to a neurological condition observed in individuals exposed to severe tornadoes, characterized by cognitive impairments and emotional disturbances.",3.0,3.0,What comprise `` Tornado wit '' as key in 2024 ?,0.77842706
"What are ""Obelisks"" discovered in 2024?","""Obelisks"" are a newly identified class of viroid-like elements found in the human microbiome, potentially impacting gene regulation.","In 2024, ""obelisks"" were discovered as a new class of viroid-like elements, distinct RNA-based elements found in the human microbiome, possibly hosted in gut bacteria.",5.0,4.0,What embody `` obelisk '' unwrap in 2024 ?,0.6708841
"What are ""Oblins"" as reported in 2024?","""Oblins"" are proteins associated with ""Obelisks,"" a new class of viroid-like elements in the human microbiome, possibly influencing cellular functions.","""Oblins"" are proteins associated with ""Obelisks,"" a new class of viroid-like elements in the human microbiome, possibly influencing cellular functions.",5.0,5.0,What follow `` Oblins '' as account in 2024 ?,0.86715925
"What is the ""Q-Pad"" approved in 2024?","The ""Q-Pad"" is a diagnostic menstrual pad that collects menstrual blood to measure biomarkers like A1C, aiding in monitoring conditions such as diabetes.","The ""Q-Pad"" approved in 2024 is a smart sensor device designed to monitor and report on various health parameters, enhancing patient care through real-time data collection and analysis.",2.0,2.0,What personify the `` Q-Pad '' O.K. in 2024 ?,0.8945052
"What is ""BUD-E"" introduced in 2024?","""BUD-E"" is an open-source voice assistant developed by LAION, designed to provide a transparent and accessible alternative to proprietary systems.","BUD-E introduced in 2024 is a sustainable energy solution for urban environments, focusing on efficient energy usage and integration of renewable sources to support smart city infrastructure.",2.0,1.0,What live `` BUD-E '' acquaint in 2024 ?,0.8378004
"What is the ""FLiRT"" mutation identified in 2024?","""FLiRT"" refers to a SARS-CoV-2 variant with specific spike protein mutations: phenylalanine (F) to leucine (L) and arginine (R) to threonine (T).","The ""FLiRT"" mutation refers to specific changes in the SARS-CoV-2 spike protein, where phenylalanine (F) is replaced with leucine (L) at position 456, and arginine (R) is replaced with threonine (T) at position 346, potentially enhancing immune evasion.",5.0,4.0,What represent the `` vamp '' mutation describe in 2024 ?,0.63245094
"What is the ""Pirola"" variant named in 2024?","""Pirola"" is a nickname for the SARS-CoV-2 BA.2.86 variant, named after an obscure Jovian asteroid, highlighting a shift in variant nomenclature.","The ""Pirola"" variant, also known as BA.2.86, is a SARS-CoV-2 subvariant identified in 2024, notable for its numerous mutations in the spike protein, raising concerns about increased transmissibility and immune evasion.",5.0,5.0,What follow the `` Pirola '' variant make in 2024 ?,0.88641614
What is the net worth of Elon Musk as of 2024?,"As of December 6, 2024, Elon Musk's net worth is estimated at approximately $362 billion, primarily due to his stakes in Tesla and SpaceX. This significant wealth positions him among the world's richest individuals.","As of December 2024, Elon Musk's net worth is estimated to be US$344 billion.",3.0,3.0,What personify the net Worth of Elon Musk as of 2024 ?,0.9816538
"What is ""TaskMatrix.AI"" introduced in 2024?","""TaskMatrix.AI"" is an AI ecosystem interface connecting foundation models with millions of APIs to perform specialized subtasks across various applications.","TaskMatrix.AI introduced in 2024 is an advanced AI framework designed to enhance productivity through seamless task management and automation, leveraging machine learning to optimize workflows across various industries.",4.0,4.0,What comprise `` TaskMatrix.AI '' enclose in 2024 ?,0.9210274
"What is the ""Anthropocene Epoch"" debated in 2024?","The ""Anthropocene Epoch"" is a proposed geological time period marked by significant human impact on Earth's geology and ecosystems; its formal recognition remains under debate.","The ""Anthropocene Epoch"" debated in 2024 refers to a potential new geological epoch characterized by significant human impact on Earth's geology and ecosystems, including climate change and biodiversity loss.",5.0,5.0,What follow the `` Anthropocene Epoch '' debate in 2024 ?,0.9780096
,,,4.04,0.74,,1.0
